{
  "main": {
    "id": "83efa77c3acf0d4b",
    "type": "split",
    "children": [
      {
        "id": "9a28fc17585762ad",
        "type": "tabs",
        "children": [
          {
            "id": "ebbd2c187537da2a",
            "type": "leaf",
            "pinned": true,
            "state": {
              "type": "graph",
              "state": {},
              "pinned": true
            }
          }
        ]
      }
    ],
    "direction": "vertical"
  },
  "left": {
    "id": "101154bde8cce389",
    "type": "mobile-drawer",
    "children": [
      {
        "id": "3bd5944c06234af9",
        "type": "leaf",
        "state": {
          "type": "file-explorer",
          "state": {
            "sortOrder": "alphabetical"
          }
        }
      },
      {
        "id": "12f31e9fa282fbd4",
        "type": "leaf",
        "state": {
          "type": "search",
          "state": {
            "query": "",
            "matchingCase": false,
            "explainSearch": false,
            "collapseAll": false,
            "extraContext": false,
            "sortOrder": "alphabetical"
          }
        }
      },
      {
        "id": "5f7d397a59e88c07",
        "type": "leaf",
        "state": {
          "type": "tag",
          "state": {
            "sortOrder": "frequency",
            "useHierarchy": true
          }
        }
      },
      {
        "id": "56defead9c97c6a1",
        "type": "leaf",
        "state": {
          "type": "bookmarks",
          "state": {}
        }
      }
    ],
    "currentTab": 0
  },
  "right": {
    "id": "3eae892d32a20615",
    "type": "mobile-drawer",
    "children": [
      {
        "id": "cf5b3a1bf1330928",
        "type": "leaf",
        "state": {
          "type": "backlink",
          "state": {
            "collapseAll": false,
            "extraContext": false,
            "sortOrder": "alphabetical",
            "showSearch": false,
            "searchQuery": "",
            "backlinkCollapsed": false,
            "unlinkedCollapsed": true
          }
        }
      },
      {
        "id": "e810b12cdf96f134",
        "type": "leaf",
        "state": {
          "type": "outgoing-link",
          "state": {
            "linksCollapsed": false,
            "unlinkedCollapsed": true
          }
        }
      },
      {
        "id": "e8d82d0380697a5e",
        "type": "leaf",
        "state": {
          "type": "outline",
          "state": {}
        }
      }
    ],
    "currentTab": 0
  },
  "left-ribbon": {
    "hiddenItems": {
      "zk-prefixer:Create new unique note": false,
      "audio-recorder:Start/stop recording": false,
      "switcher:Open quick switcher": false,
      "graph:Open graph view": false,
      "canvas:Create new canvas": false,
      "daily-notes:Open today's daily note": false,
      "templates:Insert template": false,
      "command-palette:Open command palette": false
    }
  },
  "active": "ebbd2c187537da2a",
  "lastOpenFiles": [
    "Beings/Characters and people/Daniel 1.md",
    "Beings/Characters and people/Daniel.md",
    "History/The father of death.md",
    "403 - Museum.md",
    "A visit at the theatre.md",
    "Argrosy.md",
    "Diffused Light.md",
    "Realms/Utuw System/Schi/Servilia/Regions/Areas/Palga Basin/Palga basin.md",
    "Factions and Cultures/Frisco",
    "History/Story Snippets/Taxes.md",
    "Beings/Characters and people/Thylyian/War Constructor Borange Olbaz.md",
    "3.md",
    "History/Story Snippets/Tunnels.md",
    "History/Story Snippets",
    "- - -.md",
    "Sphill.md",
    "Factions and Cultures/Frisco/Servilian Railroad and Train Network.md",
    "Timeline and Events/Really coarse timeline.canvas",
    "Timeline and Events/Things to remember during the Eclipse.md",
    "2023-05-15.md",
    "Factions and Cultures/Dwarves.md",
    "Beings/Characters and people/Rastaban.md",
    "Beings/Characters and people/Devin.md",
    "Structure/Curse of the Undead.md",
    "Realms/Utuw System/Schi/Scheties.md",
    "Realms/Utuw System/Kynoly/Kynoly.md",
    "Beings/Characters and people/Amidae/Evelyn.md",
    "TEMP; MIGRATION/Timeline/01_Rough Timeline .md",
    "Media/image001.jpg",
    "TEMP; MIGRATION/TODO/12_Streets Of Londo.md",
    "Timeline and Events",
    "Structure/Utuw System.canvas",
    "Realms/Utuw System/Schi/Servilia/Regions/Areas/Amida",
    "Realms/Utuw System/Schi/Servilia/Regions/Areas/Frisco Bay",
    "Realms/Utuw System/Schi/Servilia",
    "Realms/Utuw System/Kynoly",
    "Realms/Utuw System/Sphill",
    "Realms/Utuw System/Schi",
    "Realms/Utuw System",
    "Realms/Regions/Areas/Locations/10_Fountainhead.files/image001.png",
    "Realms/Regions/Areas/Locations/10_Fountainhead.files/image002.png",
    "Realms/Regions/Areas/Locations/03_The Lakehouse.files/image001.png",
    "Realms/Regions/Areas/Locations/00_1st Vault .files/image001.jpg",
    "Realms/Regions/Areas/11_The Wastes (Lavish).files/image002.png",
    "Realms/Regions/Areas/11_The Wastes (Lavish).files/image001.png",
    "Realms/Regions/Areas/01_Cyberpunk City Amida Seven .files/image002.png",
    "Realms/Regions/Areas/01_Cyberpunk City Amida Seven .files/image001.png",
    "Realms/Regions/Areas/01_Cyberpunk City Amida Seven .files/image003.png"
  ]
}