{
  "main": {
    "id": "bd9446c250b4e3ab",
    "type": "split",
    "children": [
      {
        "id": "5f5620001cc97d29",
        "type": "tabs",
        "children": [
          {
            "id": "35f321f9d92a6d71",
            "type": "leaf",
            "pinned": true,
            "state": {
              "type": "graph",
              "state": {},
              "pinned": true
            }
          },
          {
            "id": "2f49bd1dc109971e",
            "type": "leaf",
            "state": {
              "type": "markdown",
              "state": {
                "file": "Beings/Species/Pseudoneo.md",
                "mode": "source",
                "source": false
              }
            }
          },
          {
            "id": "a8df02a388ba358c",
            "type": "leaf",
            "state": {
              "type": "markdown",
              "state": {
                "file": "Realms/Utuw System/Schi/Servilia/Regions/Sea Major/Astral Ocean/Chromatic Calderas.md",
                "mode": "source",
                "source": false
              }
            }
          },
          {
            "id": "d7e51f03883ba853",
            "type": "leaf",
            "state": {
              "type": "markdown",
              "state": {
                "file": "Items/Bottled Embers.md",
                "mode": "source",
                "source": false
              }
            }
          },
          {
            "id": "d7aadee59220121f",
            "type": "leaf",
            "state": {
              "type": "markdown",
              "state": {
                "file": "History/Major Quests/Ain’t no rest for the Wicked.md",
                "mode": "source",
                "source": false
              }
            }
          },
          {
            "id": "45dc935e997599b8",
            "type": "leaf",
            "state": {
              "type": "markdown",
              "state": {
                "file": "History/Outdated Lore/01_Rough Timeline .md",
                "mode": "source",
                "source": false
              }
            }
          },
          {
            "id": "a7c66cff96a0c566",
            "type": "leaf",
            "state": {
              "type": "markdown",
              "state": {
                "file": "TEMP; MIGRATION/Misc Ideas/Copy pasta of THE note.md",
                "mode": "source",
                "source": false
              }
            }
          },
          {
            "id": "0952cc0e46f56f66",
            "type": "leaf",
            "state": {
              "type": "markdown",
              "state": {
                "file": "Realms/Utuw System/Schi/Servilia/Regions/Areas/Frisco Bay/Frisco.md",
                "mode": "source",
                "source": false
              }
            }
          },
          {
            "id": "4f5001529243d2ec",
            "type": "leaf",
            "state": {
              "type": "markdown",
              "state": {
                "file": "Realms/Utuw System/Schi/Servilia/Regions/Areas/Frisco Bay/Duley and Port.md",
                "mode": "source",
                "source": false
              }
            }
          }
        ],
        "currentTab": 7
      }
    ],
    "direction": "vertical"
  },
  "left": {
    "id": "7056d67056e5d4e7",
    "type": "split",
    "children": [
      {
        "id": "ab61d38b89c7abfb",
        "type": "tabs",
        "children": [
          {
            "id": "c7ce1cf2b768fbc2",
            "type": "leaf",
            "state": {
              "type": "file-explorer",
              "state": {
                "sortOrder": "alphabetical"
              }
            }
          },
          {
            "id": "cf9ecfc4346e3d4e",
            "type": "leaf",
            "state": {
              "type": "search",
              "state": {
                "query": "duley",
                "matchingCase": false,
                "explainSearch": false,
                "collapseAll": false,
                "extraContext": false,
                "sortOrder": "alphabetical"
              }
            }
          },
          {
            "id": "2bfb1af49e54b8ea",
            "type": "leaf",
            "state": {
              "type": "bookmarks",
              "state": {}
            }
          },
          {
            "id": "8af4a79cfc236d2a",
            "type": "leaf",
            "state": {
              "type": "tagfolder-view",
              "state": {}
            }
          }
        ],
        "currentTab": 1
      }
    ],
    "direction": "horizontal",
    "width": 289.5
  },
  "right": {
    "id": "b9a105647e5b9805",
    "type": "split",
    "children": [
      {
        "id": "42d0b06507e3d3e7",
        "type": "tabs",
        "children": [
          {
            "id": "87f6b5ae28cdacdc",
            "type": "leaf",
            "state": {
              "type": "backlink",
              "state": {
                "file": "Realms/Utuw System/Schi/Servilia/Regions/Areas/Frisco Bay/Frisco.md",
                "collapseAll": false,
                "extraContext": false,
                "sortOrder": "alphabetical",
                "showSearch": true,
                "searchQuery": "",
                "backlinkCollapsed": false,
                "unlinkedCollapsed": true
              }
            }
          },
          {
            "id": "72119e374e80ec76",
            "type": "leaf",
            "state": {
              "type": "outgoing-link",
              "state": {
                "file": "Realms/Utuw System/Schi/Servilia/Regions/Areas/Frisco Bay/Frisco.md",
                "linksCollapsed": false,
                "unlinkedCollapsed": true
              }
            }
          },
          {
            "id": "43335c70a01c9f3a",
            "type": "leaf",
            "state": {
              "type": "tag",
              "state": {
                "sortOrder": "frequency",
                "useHierarchy": true
              }
            }
          },
          {
            "id": "9d5fefe34ffbde80",
            "type": "leaf",
            "state": {
              "type": "outline",
              "state": {
                "file": "Realms/Utuw System/Schi/Servilia/Regions/Areas/Frisco Bay/Frisco.md"
              }
            }
          },
          {
            "id": "a5f5a5f3df050de7",
            "type": "leaf",
            "state": {
              "type": "FANTASY_CALENDAR",
              "state": {}
            }
          },
          {
            "id": "5339cf6c632a5cf0",
            "type": "leaf",
            "state": {
              "type": "calendar",
              "state": {}
            }
          }
        ],
        "currentTab": 1
      }
    ],
    "direction": "horizontal",
    "width": 258.5
  },
  "left-ribbon": {
    "hiddenItems": {
      "switcher:Open quick switcher": false,
      "graph:Open graph view": false,
      "canvas:Create new canvas": false,
      "daily-notes:Open today's daily note": false,
      "templates:Insert template": false,
      "command-palette:Open command palette": false,
      "zk-prefixer:Create new unique note": false,
      "audio-recorder:Start/stop recording": false,
      "fantasy-calendar:Open Large Fantasy Calendar": false,
      "obsidian-5e-statblocks:Open Creature Pane": false
    }
  },
  "active": "0952cc0e46f56f66",
  "lastOpenFiles": [
    "Realms/Utuw System/Schi/Servilia/Regions/Areas/Frisco Bay/Duley and Port.md",
    "Realms/Utuw System/Schi/Servilia/Regions/Areas/Frisco Bay/Frisco.md",
    "Duley.md",
    "Childish Book of Prayers.md",
    "Media.zip",
    "Servilia.zip",
    "Beings/Species/Pseudoneo.md",
    "Realms/Utuw System/Schi/Servilia/Regions/Sea Major/Astral Ocean/Chromatic Calderas.md",
    "Items/Bottled Embers.md",
    "History/Major Quests/Ain’t no rest for the Wicked.md",
    "History/Outdated Lore/01_Rough Timeline .md",
    "TEMP; MIGRATION/Misc Ideas/Copy pasta of THE note.md",
    "Media/Logos and Heraldry/Cervilia 2023-07-20-18-41.svg",
    "Media/Logos and Heraldry/armoria_2022-12-03-23-43-45.svg",
    "Media/Logos and Heraldry/armoria_2023-08-24-21-40-23.svg",
    "Media/Logos and Heraldry/armoria_2023-08-24-21-41-10 (1).svg",
    "Media/Logos and Heraldry/armoria_2023-08-24-21-41-10.svg",
    "Media/Logos and Heraldry/armoria_2023-08-24-21-45-09.svg",
    "Media/Logos and Heraldry/armoria_2023-08-24-21-46-56.svg",
    "Media/Logos and Heraldry/armoria_2023-08-24-21-49-57.svg",
    "Media/Logos and Heraldry/armoria_2023-08-24-21-50-28.svg",
    "Media/Logos and Heraldry/armoria_2023-08-24-21-52-43.svg",
    "Media/Maps/Cervilia 2023-08-24-22-08.map",
    "Realms/Utuw System/Schi/Servilia/Regions/Areas/Frisco Bay/Brisburne.md",
    "TEMP; MIGRATION/TODO/00_Villain identities.md",
    "TEMP; MIGRATION/TODO/13_Random bullshit GOOOO.md",
    "TEMP; MIGRATION/TODO/The Hounds.md",
    "Factions and Cultures/Factions/The Twilight.md",
    "Realms/Utuw System/Schi/Servilia/Regions/Areas/Palga Basin/Fountainhead.md",
    "Structure/The Utuw System.md",
    "History/Timeline Pivots/03_Repairing the Fountainhead.md",
    "History/Timeline Pivots/05_Closing the Fountainhead.md",
    "Factions and Cultures/Dwarves.md",
    "Realms/Utuw System/Schi/Servilia/Regions/Areas/Locations/Lost City of the Ninth Forest.md",
    "Realms/Utuw System/Schi/Servilia/Regions/Sea Major/Sea Major.md",
    "Realms/Utuw System/Schi/Servilia/Regions/Sea Major/Astral Ocean/Astral Ocean.md",
    "Structure/Utuw System.canvas",
    "Unbenannt.md",
    "Structure/Generator Snippets.md",
    "Items/Iron Oculus.md",
    "Structure/calendar-schi.json",
    "Structure/calendar.json",
    "Structure/calendar.txt",
    "Structure/Neues Textdokument.txt",
    "Beings/Creatures/Pseudoneo",
    "History/Really coarse timeline.canvas",
    "History/Story Snippets",
    "Factions and Cultures/Frisco",
    "Timeline and Events/Really coarse timeline.canvas",
    "Media/020623/servilia/Structure/Utuw System.canvas",
    "Media/020623/servilia/Untitled.canvas",
    "Untitled.canvas"
  ]
}